{
    "placed_musicians_ratio": 0.5997130159687778,
    "important_attendees_ratio": 0.26767433857519257,
    "important_musician_range": 390,
    "max_temp": 11000000,
    "min_temp": 20000,
    "temp_func_power": 2.1764469999789258,
    "max_move_dist": 65,
    "min_move_dist": 5,
    "forbidden_area_coeff": 0.5528708032391279,
    "hungarian_rarity": 72000000,
    "swap": 8,
    "move_random": 3,
    "move_dir": 20,
    "v2_unplace": 12,
    "v2_place": 3,
    "v2_move_dir": 14,
    "v2_swap": 9
}