{
    "placed_musicians_ratio": 0.31855873595560713,
    "important_attendees_ratio": 0.16269942029844586,
    "important_musician_range": 250,
    "max_temp": 12000000,
    "min_temp": 80000,
    "temp_func_power": 2.6793152288942985,
    "max_move_dist": 62,
    "min_move_dist": 7,
    "forbidden_area_coeff": 0.7526604687470372,
    "hungarian_rarity": 70000000,
    "swap": 1,
    "move_random": 3,
    "move_dir": 8
}
